# slug	enwiki title(s) separated by |	grep keywords (dedupe against channel titles)
gardner	Isabella Stewart Gardner Museum theft	Gardner
brinks50	Great Brink's Robbery	Brink's Robbery 1950
alcatraz	June 1962 Alcatraz escape attempt|Frank Morris (criminal)	Alcatraz
irishjewels	Irish Crown Jewels	Irish Crown
goldrobbery	Great Gold Robbery	Gold Robbery
justjudges	The Just Judges	Just Judges|Ghent
blood	Thomas Blood	Thomas Blood|Crown Jewels
kopenick	Wilhelm Voigt	Köpenick|Voigt
lustig	Victor Lustig	Lustig|Eiffel
ponzi	Charles Ponzi	Ponzi
poyais	Gregor MacGregor	Poyais|MacGregor
tichborne	Tichborne case	Tichborne
diamondhoax	Diamond hoax of 1872	Diamond Hoax|kim cương giả
cardiff	Cardiff Giant	Cardiff
piltdown	Piltdown Man	Piltdown
meegeren	Han van Meegeren	Meegeren|Vermeer
crippen	Hawley Harvey Crippen	Crippen
lafarge	Marie Lafarge|Marsh test	Lafarge|Marsh|thạch tín
westwest	William West (prisoner)	Will West|Bertillon
bertillon	Alphonse Bertillon	Bertillon
vidocq	Eugène François Vidocq	Vidocq
baltimore	Baltimore Plot	Baltimore|Pinkerton
booth	John Wilkes Booth	Booth|Lincoln
garfield	Assassination of James A. Garfield	Garfield
mckinley	Assassination of William McKinley	McKinley
sarajevo	Assassination of Archduke Franz Ferdinand	Franz Ferdinand|Sarajevo
rasputin	Grigori Rasputin	Rasputin
jessejames	Jesse James|Robert Ford (outlaw)	Jesse James
billykid	Billy the Kid	Billy the Kid
nedkelly	Ned Kelly	Ned Kelly
blackbart	Black Bart (outlaw)	Black Bart
wildbunch	Butch Cassidy|Wild Bunch	Butch Cassidy|Wild Bunch
dalton	Dalton Gang	Dalton|Coffeyville
northfield	James–Younger Gang	Northfield|Younger
okcorral	Gunfight at the O.K. Corral	Corral|Wyatt Earp
sheppard	Jack Sheppard	Sheppard
wild	Jonathan Wild	Jonathan Wild
turpin	Dick Turpin	Turpin
burkehare	Burke and Hare murders	Burke|Hare
gunpowder	Gunpowder Plot|Guy Fawkes	Gunpowder|Fawkes
babington	Babington Plot	Babington
princes	Princes in the Tower	Princes in the Tower|hai hoàng tử
hauser	Kaspar Hauser	Kaspar Hauser
borden	Lizzie Borden	Borden
holmes	H. H. Holmes	H. H. Holmes|Holmes
villisca	Villisca axe murders	Villisca
axeman	Axeman of New Orleans	Axeman|New Orleans
gunness	Belle Gunness	Gunness
landru	Henri Désiré Landru	Landru
bathbrides	George Joseph Smith	Brides|bồn tắm
cream	Thomas Neill Cream	Neill Cream
cotton	Mary Ann Cotton	Mary Ann Cotton
madeleine	Madeleine Smith	Madeleine Smith
leoloeb	Leopold and Loeb	Leopold|Loeb
valentine	Saint Valentine's Day Massacre	Valentine
sacco	Sacco and Vanzetti	Sacco|Vanzetti
leofrank	Leo Frank	Leo Frank
scottsboro	Scottsboro Boys	Scottsboro
edalji	George Edalji	Edalji|Conan Doyle
slater	Oscar Slater	Oscar Slater
beck	Adolf Beck case	Adolf Beck
thaw	Harry Kendall Thaw	Thaw|Stanford White
dillinger	John Dillinger	Dillinger
bonnieclyde	Bonnie and Clyde	Bonnie|Clyde
mgkelly	George Kelly Barnes	Machine Gun Kelly|G-men|G-Men
kcmassacre	Kansas City massacre	Kansas City
barker	Ma Barker	Ma Barker
babyface	Baby Face Nelson	Baby Face
prettyboy	Pretty Boy Floyd	Pretty Boy
unabomber	Ted Kaczynski	Unabomber|Kaczynski
salem	Salem witch trials	Salem|phù thủy
maryrogers	Mary Rogers	Mary Rogers|Edgar Allan Poe
alexander2	Assassination of Alexander II of Russia	Alexander II|Sa hoàng
peace	Charles Peace	Charles Peace
kreuger	Ivar Kreuger	Kreuger|vua diêm
frenchjewels	French Crown Jewels	French Crown|kho báu hoàng gia Pháp
anderson	Anna Anderson	Anna Anderson|Anastasia
psalmanazar	George Psalmanazar	Psalmanazar|Formosa
caraboo	Princess Caraboo	Caraboo
shapira	Moses Wilhelm Shapira	Shapira
molly	Molly Maguires	Molly Maguires
haymarket	Haymarket affair	Haymarket
teigin	Teigin Incident	Teigin
yangnaiwu	Yang Naiwu	Dương Nãi Vũ|Tiểu Bạch Thái|Yang Naiwu
bonnot	Bonnot Gang	Bonnot
poisons	Affair of the Poisons	Affair of the Poisons|thuốc độc
necklace	Affair of the Diamond Necklace	Necklace|chuỗi kim cương
roadhill	Murder of Francis Saville Kent	Road Hill|Whicher
redbarn	Red Barn Murder	Red Barn|Maria Marten
ratcliff	Ratcliff Highway murders	Ratcliff
catostreet	Cato Street Conspiracy	Cato Street
blacksox	Black Sox Scandal	Black Sox|bóng chày
tweed	William M. Tweed	Tweed|Tammany
lincolnbody	Lincoln's body theft plot|Lincoln Tomb	Lincoln Tomb|thi hài Lincoln
charleyross	Kidnapping of Charley Ross	Charley Ross
packer	Alferd Packer	Packer
thuggee	Thuggee	Thuggee
rondout	Rondout Train Robbery	Rondout
stratton	Stratton Brothers case	Stratton
spilsbury	Bernard Spilsbury	Spilsbury
locard	Edmond Locard	Locard
sherlockfp	Henry Faulds	Faulds
